{"v":"5.5.7","meta":{"g":"LottieFiles AE 0.1.21","a":"","k":"","d":"","tc":""},"fr":60,"ip":0,"op":360,"w":400,"h":400,"nm":"Loader","ddd":0,"assets":[{"id":"comp_0","layers":[{"ddd":0,"ind":1,"ty":4,"nm":"Left Eye","sr":1,"ks":{"o":{"a":0,"k":100,"ix":11},"r":{"a":0,"k":0,"ix":10},"p":{"a":1,"k":[{"i":{"x":0.555,"y":1},"o":{"x":1,"y":0},"t":60,"s":[800,627.5,0],"to":[-4.5,2.083,0],"ti":[4.5,-2.083,0]},{"i":{"x":0.335,"y":0.335},"o":{"x":0.167,"y":0.167},"t":120,"s":[773,640,0],"to":[0,0,0],"ti":[0,0,0]},{"i":{"x":0.763,"y":1},"o":{"x":1,"y":0},"t":257,"s":[773,640,0],"to":[4.5,-2.083,0],"ti":[-4.5,2.083,0]},{"t":310,"s":[800,627.5,0]}],"ix":2},"a":{"a":0,"k":[20,-36,0],"ix":1},"s":{"a":1,"k":[{"i":{"x":[0,0,0.667],"y":[1,1,1]},"o":{"x":[0.333,0.333,0.333],"y":[0,0,0]},"t":10,"s":[0,0,100]},{"i":{"x":[0.555,0.555,0.667],"y":[1,1,1]},"o":{"x":[1,1,0.333],"y":[0,0,0]},"t":60,"s":[140,140,100]},{"i":{"x":[0.497,0.497,0.667],"y":[1,1,1]},"o":{"x":[0.167,0.167,0.167],"y":[0,0,0]},"t":120,"s":[100,100,100]},{"i":{"x":[0,0,0.667],"y":[1,1,1]},"o":{"x":[1,1,0.167],"y":[0,0,0]},"t":257,"s":[100,100,100]},{"i":{"x":[0.117,0.117,0.833],"y":[1,1,1]},"o":{"x":[0.14,0.14,0.333],"y":[0,0,0]},"t":310,"s":[140,140,100]},{"t":359,"s":[0,0,100]}],"ix":6}},"ao":0,"shapes":[{"ty":"gr","it":[{"ty":"rc","d":1,"s":{"a":0,"k":[35,35],"ix":2},"p":{"a":0,"k":[0,0],"ix":3},"r":{"a":0,"k":124,"ix":4},"nm":"Rectangle Path 1","mn":"ADBE Vector Shape - Rect","hd":false},{"ty":"fl","c":{"a":0,"k":[0.094117647059,0.250980392157,0.160784313725,1],"ix":4},"o":{"a":0,"k":100,"ix":5},"r":1,"bm":0,"nm":"Fill 1","mn":"ADBE Vector Graphic - Fill","hd":false},{"ty":"tr","p":{"a":0,"k":[20,-36],"ix":2},"a":{"a":0,"k":[0,0],"ix":1},"s":{"a":0,"k":[100,100],"ix":3},"r":{"a":0,"k":0,"ix":6},"o":{"a":0,"k":100,"ix":7},"sk":{"a":0,"k":0,"ix":4},"sa":{"a":0,"k":0,"ix":5},"nm":"Transform"}],"nm":"Rectangle 1","np":3,"cix":2,"bm":0,"ix":1,"mn":"ADBE Vector Group","hd":false}],"ip":0,"op":600,"st":0,"bm":0},{"ddd":0,"ind":2,"ty":4,"nm":"Right Eye","sr":1,"ks":{"o":{"a":0,"k":100,"ix":11},"r":{"a":0,"k":0,"ix":10},"p":{"a":1,"k":[{"i":{"x":0.555,"y":1},"o":{"x":1,"y":0},"t":60,"s":[800,627.5,0],"to":[4.667,2.083,0],"ti":[-4.667,-2.083,0]},{"i":{"x":0.76,"y":0.76},"o":{"x":0.167,"y":0.167},"t":120,"s":[828,640,0],"to":[0,0,0],"ti":[0,0,0]},{"i":{"x":0.769,"y":1},"o":{"x":1,"y":0},"t":257,"s":[828,640,0],"to":[-4.667,-2.083,0],"ti":[4.667,2.083,0]},{"t":310,"s":[800,627.5,0]}],"ix":2},"a":{"a":0,"k":[20,-36,0],"ix":1},"s":{"a":1,"k":[{"i":{"x":[0,0,0.667],"y":[1,1,1]},"o":{"x":[0.333,0.333,0.333],"y":[0,0,0]},"t":10,"s":[0,0,100]},{"i":{"x":[0.555,0.555,0.667],"y":[1,1,1]},"o":{"x":[1,1,0.333],"y":[0,0,0]},"t":60,"s":[140,140,100]},{"i":{"x":[0.497,0.497,0.667],"y":[1,1,1]},"o":{"x":[0.167,0.167,0.167],"y":[0,0,0]},"t":120,"s":[100,100,100]},{"i":{"x":[0,0,0.667],"y":[1,1,1]},"o":{"x":[1,1,0.167],"y":[0,0,0]},"t":257,"s":[100,100,100]},{"i":{"x":[0.112,0.112,0.833],"y":[1,1,1]},"o":{"x":[0.141,0.141,0.333],"y":[0,0,0]},"t":310,"s":[140,140,100]},{"t":359,"s":[0,0,100]}],"ix":6}},"ao":0,"shapes":[{"ty":"gr","it":[{"ty":"rc","d":1,"s":{"a":1,"k":[{"i":{"x":[0,0.457],"y":[1,1]},"o":{"x":[0.936,0.455],"y":[0,0]},"t":150,"s":[35,35]},{"i":{"x":[0.748,0.667],"y":[1,1]},"o":{"x":[0.862,0.333],"y":[0,0]},"t":170,"s":[35,12]},{"i":{"x":[0,0.457],"y":[1,1]},"o":{"x":[0.392,0.855],"y":[0,0]},"t":182,"s":[38,10]},{"i":{"x":[0.107,0.667],"y":[1,1]},"o":{"x":[0.862,0.333],"y":[0,0]},"t":193,"s":[35,12]},{"t":213,"s":[35,35]}],"ix":2},"p":{"a":0,"k":[0,0],"ix":3},"r":{"a":0,"k":124,"ix":4},"nm":"Rectangle Path 1","mn":"ADBE Vector Shape - Rect","hd":false},{"ty":"fl","c":{"a":0,"k":[0.094117647059,0.250980392157,0.160784313725,1],"ix":4},"o":{"a":0,"k":100,"ix":5},"r":1,"bm":0,"nm":"Fill 1","mn":"ADBE Vector Graphic - Fill","hd":false},{"ty":"tr","p":{"a":0,"k":[20,-36],"ix":2},"a":{"a":0,"k":[0,0],"ix":1},"s":{"a":0,"k":[100,100],"ix":3},"r":{"a":0,"k":0,"ix":6},"o":{"a":0,"k":100,"ix":7},"sk":{"a":0,"k":0,"ix":4},"sa":{"a":0,"k":0,"ix":5},"nm":"Transform"}],"nm":"Rectangle 1","np":3,"cix":2,"bm":0,"ix":1,"mn":"ADBE Vector Group","hd":false}],"ip":0,"op":600,"st":0,"bm":0},{"ddd":0,"ind":3,"ty":4,"nm":"Smile Lip","sr":1,"ks":{"o":{"a":0,"k":100,"ix":11},"r":{"a":1,"k":[{"i":{"x":[0.239],"y":[1]},"o":{"x":[0.373],"y":[0]},"t":60,"s":[-180]},{"i":{"x":[0.452],"y":[1]},"o":{"x":[0.877],"y":[0]},"t":77,"s":[-210]},{"i":{"x":[0.381],"y":[1]},"o":{"x":[0.167],"y":[0]},"t":120,"s":[0]},{"i":{"x":[0],"y":[1]},"o":{"x":[0.015],"y":[0]},"t":230,"s":[0]},{"i":{"x":[0.833],"y":[1]},"o":{"x":[0.836],"y":[0]},"t":247,"s":[-20]},{"t":310,"s":[180]}],"ix":10},"p":{"a":1,"k":[{"i":{"x":0.761,"y":0.761},"o":{"x":0.167,"y":0.167},"t":120,"s":[800,640,0],"to":[0,0,0],"ti":[0,0,0]},{"t":230,"s":[800,640,0]}],"ix":2},"a":{"a":0,"k":[-136.248,-44.248,0],"ix":1},"s":{"a":1,"k":[{"i":{"x":[0.761,0.761,0.833],"y":[1,1,1]},"o":{"x":[0.167,0.167,0.167],"y":[0,0,0]},"t":120,"s":[100.678,100,100]},{"t":230,"s":[100.678,100,100]}],"ix":6}},"ao":0,"shapes":[{"ty":"gr","it":[{"ty":"rc","d":1,"s":{"a":0,"k":[147.503,147.503],"ix":2},"p":{"a":0,"k":[0,0],"ix":3},"r":{"a":0,"k":124,"ix":4},"nm":"Rectangle Path 1","mn":"ADBE Vector Shape - Rect","hd":false},{"ty":"st","c":{"a":0,"k":[0.094117647059,0.250980392157,0.160784313725,1],"ix":3},"o":{"a":0,"k":100,"ix":4},"w":{"a":0,"k":16,"ix":5},"lc":2,"lj":1,"ml":4,"bm":0,"nm":"Stroke 1","mn":"ADBE Vector Graphic - Stroke","hd":false},{"ty":"tr","p":{"a":0,"k":[-136.248,-44.248],"ix":2},"a":{"a":0,"k":[0,0],"ix":1},"s":{"a":0,"k":[100,100],"ix":3},"r":{"a":0,"k":0,"ix":6},"o":{"a":0,"k":100,"ix":7},"sk":{"a":0,"k":0,"ix":4},"sa":{"a":0,"k":0,"ix":5},"nm":"Transform"}],"nm":"Rectangle 1","np":3,"cix":2,"bm":0,"ix":1,"mn":"ADBE Vector Group","hd":false},{"ty":"tm","s":{"a":1,"k":[{"i":{"x":[0],"y":[1]},"o":{"x":[0.333],"y":[0]},"t":10,"s":[11]},{"i":{"x":[0],"y":[1]},"o":{"x":[0.167],"y":[0]},"t":60,"s":[0]},{"i":{"x":[0],"y":[1]},"o":{"x":[0.134],"y":[0]},"t":230,"s":[0]},{"i":{"x":[0.833],"y":[1]},"o":{"x":[0.167],"y":[0]},"t":310,"s":[0]},{"t":359,"s":[11]}],"ix":1},"e":{"a":1,"k":[{"i":{"x":[0],"y":[1]},"o":{"x":[0.333],"y":[0]},"t":10,"s":[11]},{"i":{"x":[0],"y":[1]},"o":{"x":[0.167],"y":[0]},"t":60,"s":[23]},{"i":{"x":[0],"y":[1]},"o":{"x":[0.134],"y":[0]},"t":230,"s":[23]},{"i":{"x":[0.833],"y":[1]},"o":{"x":[0.167],"y":[0]},"t":310,"s":[23]},{"t":359,"s":[11]}],"ix":2},"o":{"a":0,"k":48,"ix":3},"m":1,"ix":2,"nm":"Trim Paths 1","mn":"ADBE Vector Filter - Trim","hd":false}],"ip":0,"op":600,"st":0,"bm":0}]}],"layers":[{"ddd":0,"ind":1,"ty":0,"nm":"Smile_lottie","refId":"comp_0","sr":1,"ks":{"o":{"a":0,"k":100,"ix":11},"r":{"a":0,"k":0,"ix":10},"p":{"a":0,"k":[200,144,0],"ix":2},"a":{"a":0,"k":[800,600,0],"ix":1},"s":{"a":0,"k":[100,100,100],"ix":6}},"ao":0,"w":1600,"h":1200,"ip":0,"op":600,"st":0,"bm":0},{"ddd":0,"ind":3,"ty":4,"nm":"BG","sr":1,"ks":{"o":{"a":0,"k":100,"ix":11},"r":{"a":0,"k":0,"ix":10},"p":{"a":0,"k":[200,200,0],"ix":2},"a":{"a":0,"k":[0,0,0],"ix":1},"s":{"a":0,"k":[202.25,204,100],"ix":6}},"ao":0,"shapes":[{"ty":"gr","it":[{"ty":"rc","d":1,"s":{"a":0,"k":[800,600],"ix":2},"p":{"a":0,"k":[0,0],"ix":3},"r":{"a":0,"k":0,"ix":4},"nm":"Rectangle Path 1","mn":"ADBE Vector Shape - Rect","hd":false},{"ty":"fl","c":{"a":0,"k":[1,0.9215686274509803,0.23529411764705882,1],"ix":4},"o":{"a":0,"k":100,"ix":5},"r":1,"bm":0,"nm":"Fill 1","mn":"ADBE Vector Graphic - Fill","hd":false},{"ty":"tr","p":{"a":0,"k":[0,0],"ix":2},"a":{"a":0,"k":[0,0],"ix":1},"s":{"a":0,"k":[100,100],"ix":3},"r":{"a":0,"k":0,"ix":6},"o":{"a":0,"k":100,"ix":7},"sk":{"a":0,"k":0,"ix":4},"sa":{"a":0,"k":0,"ix":5},"nm":"Transform"}],"nm":"Rectangle 1","np":3,"cix":2,"bm":0,"ix":1,"mn":"ADBE Vector Group","hd":false}],"ip":0,"op":600,"st":0,"bm":0}],"markers":[]}